--
-- PostgreSQL database dump
--

-- Dumped from database version 14.18 (Debian 14.18-1.pgdg120+1)
-- Dumped by pg_dump version 14.18 (Debian 14.18-1.pgdg120+1)

SET statement_timeout = 0;
SET lock_timeout = 0;
SET idle_in_transaction_session_timeout = 0;
SET client_encoding = 'UTF8';
SET standard_conforming_strings = on;
SELECT pg_catalog.set_config('search_path', '', false);
SET check_function_bodies = false;
SET xmloption = content;
SET client_min_messages = warning;
SET row_security = off;

SET default_tablespace = '';

SET default_table_access_method = heap;

--
-- Name: auth_group; Type: TABLE; Schema: public; Owner: surfix_user
--

CREATE TABLE public.auth_group (
    id integer NOT NULL,
    name character varying(150) NOT NULL
);


ALTER TABLE public.auth_group OWNER TO surfix_user;

--
-- Name: auth_group_id_seq; Type: SEQUENCE; Schema: public; Owner: surfix_user
--

ALTER TABLE public.auth_group ALTER COLUMN id ADD GENERATED BY DEFAULT AS IDENTITY (
    SEQUENCE NAME public.auth_group_id_seq
    START WITH 1
    INCREMENT BY 1
    NO MINVALUE
    NO MAXVALUE
    CACHE 1
);


--
-- Name: auth_group_permissions; Type: TABLE; Schema: public; Owner: surfix_user
--

CREATE TABLE public.auth_group_permissions (
    id integer NOT NULL,
    group_id integer NOT NULL,
    permission_id integer NOT NULL
);


ALTER TABLE public.auth_group_permissions OWNER TO surfix_user;

--
-- Name: auth_group_permissions_id_seq; Type: SEQUENCE; Schema: public; Owner: surfix_user
--

ALTER TABLE public.auth_group_permissions ALTER COLUMN id ADD GENERATED BY DEFAULT AS IDENTITY (
    SEQUENCE NAME public.auth_group_permissions_id_seq
    START WITH 1
    INCREMENT BY 1
    NO MINVALUE
    NO MAXVALUE
    CACHE 1
);


--
-- Name: auth_permission; Type: TABLE; Schema: public; Owner: surfix_user
--

CREATE TABLE public.auth_permission (
    id integer NOT NULL,
    name character varying(255) NOT NULL,
    content_type_id integer NOT NULL,
    codename character varying(100) NOT NULL
);


ALTER TABLE public.auth_permission OWNER TO surfix_user;

--
-- Name: auth_permission_id_seq; Type: SEQUENCE; Schema: public; Owner: surfix_user
--

ALTER TABLE public.auth_permission ALTER COLUMN id ADD GENERATED BY DEFAULT AS IDENTITY (
    SEQUENCE NAME public.auth_permission_id_seq
    START WITH 1
    INCREMENT BY 1
    NO MINVALUE
    NO MAXVALUE
    CACHE 1
);


--
-- Name: django_admin_log; Type: TABLE; Schema: public; Owner: surfix_user
--

CREATE TABLE public.django_admin_log (
    id integer NOT NULL,
    action_time timestamp with time zone NOT NULL,
    object_id text,
    object_repr character varying(200) NOT NULL,
    action_flag smallint NOT NULL,
    change_message text NOT NULL,
    content_type_id integer,
    user_id integer NOT NULL,
    CONSTRAINT django_admin_log_action_flag_check CHECK ((action_flag >= 0))
);


ALTER TABLE public.django_admin_log OWNER TO surfix_user;

--
-- Name: django_admin_log_id_seq; Type: SEQUENCE; Schema: public; Owner: surfix_user
--

ALTER TABLE public.django_admin_log ALTER COLUMN id ADD GENERATED BY DEFAULT AS IDENTITY (
    SEQUENCE NAME public.django_admin_log_id_seq
    START WITH 1
    INCREMENT BY 1
    NO MINVALUE
    NO MAXVALUE
    CACHE 1
);


--
-- Name: django_content_type; Type: TABLE; Schema: public; Owner: surfix_user
--

CREATE TABLE public.django_content_type (
    id integer NOT NULL,
    app_label character varying(100) NOT NULL,
    model character varying(100) NOT NULL
);


ALTER TABLE public.django_content_type OWNER TO surfix_user;

--
-- Name: django_content_type_id_seq; Type: SEQUENCE; Schema: public; Owner: surfix_user
--

ALTER TABLE public.django_content_type ALTER COLUMN id ADD GENERATED BY DEFAULT AS IDENTITY (
    SEQUENCE NAME public.django_content_type_id_seq
    START WITH 1
    INCREMENT BY 1
    NO MINVALUE
    NO MAXVALUE
    CACHE 1
);


--
-- Name: django_migrations; Type: TABLE; Schema: public; Owner: surfix_user
--

CREATE TABLE public.django_migrations (
    id integer NOT NULL,
    app character varying(255) NOT NULL,
    name character varying(255) NOT NULL,
    applied timestamp with time zone NOT NULL
);


ALTER TABLE public.django_migrations OWNER TO surfix_user;

--
-- Name: django_migrations_id_seq; Type: SEQUENCE; Schema: public; Owner: surfix_user
--

ALTER TABLE public.django_migrations ALTER COLUMN id ADD GENERATED BY DEFAULT AS IDENTITY (
    SEQUENCE NAME public.django_migrations_id_seq
    START WITH 1
    INCREMENT BY 1
    NO MINVALUE
    NO MAXVALUE
    CACHE 1
);


--
-- Name: django_session; Type: TABLE; Schema: public; Owner: surfix_user
--

CREATE TABLE public.django_session (
    session_key character varying(40) NOT NULL,
    session_data text NOT NULL,
    expire_date timestamp with time zone NOT NULL
);


ALTER TABLE public.django_session OWNER TO surfix_user;

--
-- Name: listas_producto; Type: TABLE; Schema: public; Owner: surfix_user
--

CREATE TABLE public.listas_producto (
    id bigint NOT NULL,
    codigo character varying(100),
    grano character varying(100),
    precio_unidad numeric(10,3),
    formato character varying(100),
    descuento numeric(5,3),
    ad character varying(100),
    largo numeric(10,3),
    ancho numeric(10,3),
    litros numeric(2,0),
    producto character varying(100),
    medidas character varying(100),
    unidades_x_caja integer,
    categoria character varying(100)
);


ALTER TABLE public.listas_producto OWNER TO surfix_user;

--
-- Name: listas_producto_id_seq; Type: SEQUENCE; Schema: public; Owner: surfix_user
--

ALTER TABLE public.listas_producto ALTER COLUMN id ADD GENERATED BY DEFAULT AS IDENTITY (
    SEQUENCE NAME public.listas_producto_id_seq
    START WITH 1
    INCREMENT BY 1
    NO MINVALUE
    NO MAXVALUE
    CACHE 1
);


--
-- Name: login_customuser; Type: TABLE; Schema: public; Owner: surfix_user
--

CREATE TABLE public.login_customuser (
    id integer NOT NULL,
    password character varying(128) NOT NULL,
    last_login timestamp with time zone,
    is_superuser boolean NOT NULL,
    username character varying(150) NOT NULL,
    first_name character varying(150) NOT NULL,
    last_name character varying(150) NOT NULL,
    email character varying(254) NOT NULL,
    is_staff boolean NOT NULL,
    is_active boolean NOT NULL,
    date_joined timestamp with time zone NOT NULL,
    celular character varying(20)
);


ALTER TABLE public.login_customuser OWNER TO surfix_user;

--
-- Name: login_customuser_groups; Type: TABLE; Schema: public; Owner: surfix_user
--

CREATE TABLE public.login_customuser_groups (
    id integer NOT NULL,
    customuser_id integer NOT NULL,
    group_id integer NOT NULL
);


ALTER TABLE public.login_customuser_groups OWNER TO surfix_user;

--
-- Name: login_customuser_groups_id_seq; Type: SEQUENCE; Schema: public; Owner: surfix_user
--

ALTER TABLE public.login_customuser_groups ALTER COLUMN id ADD GENERATED BY DEFAULT AS IDENTITY (
    SEQUENCE NAME public.login_customuser_groups_id_seq
    START WITH 1
    INCREMENT BY 1
    NO MINVALUE
    NO MAXVALUE
    CACHE 1
);


--
-- Name: login_customuser_id_seq; Type: SEQUENCE; Schema: public; Owner: surfix_user
--

ALTER TABLE public.login_customuser ALTER COLUMN id ADD GENERATED BY DEFAULT AS IDENTITY (
    SEQUENCE NAME public.login_customuser_id_seq
    START WITH 1
    INCREMENT BY 1
    NO MINVALUE
    NO MAXVALUE
    CACHE 1
);


--
-- Name: login_customuser_user_permissions; Type: TABLE; Schema: public; Owner: surfix_user
--

CREATE TABLE public.login_customuser_user_permissions (
    id integer NOT NULL,
    customuser_id integer NOT NULL,
    permission_id integer NOT NULL
);


ALTER TABLE public.login_customuser_user_permissions OWNER TO surfix_user;

--
-- Name: login_customuser_user_permissions_id_seq; Type: SEQUENCE; Schema: public; Owner: surfix_user
--

ALTER TABLE public.login_customuser_user_permissions ALTER COLUMN id ADD GENERATED BY DEFAULT AS IDENTITY (
    SEQUENCE NAME public.login_customuser_user_permissions_id_seq
    START WITH 1
    INCREMENT BY 1
    NO MINVALUE
    NO MAXVALUE
    CACHE 1
);


--
-- Data for Name: auth_group; Type: TABLE DATA; Schema: public; Owner: surfix_user
--

COPY public.auth_group (id, name) FROM stdin;
\.


--
-- Data for Name: auth_group_permissions; Type: TABLE DATA; Schema: public; Owner: surfix_user
--

COPY public.auth_group_permissions (id, group_id, permission_id) FROM stdin;
\.


--
-- Data for Name: auth_permission; Type: TABLE DATA; Schema: public; Owner: surfix_user
--

COPY public.auth_permission (id, name, content_type_id, codename) FROM stdin;
1	Can add log entry	1	add_logentry
2	Can change log entry	1	change_logentry
3	Can delete log entry	1	delete_logentry
4	Can view log entry	1	view_logentry
5	Can add permission	2	add_permission
6	Can change permission	2	change_permission
7	Can delete permission	2	delete_permission
8	Can view permission	2	view_permission
9	Can add group	3	add_group
10	Can change group	3	change_group
11	Can delete group	3	delete_group
12	Can view group	3	view_group
13	Can add content type	4	add_contenttype
14	Can change content type	4	change_contenttype
15	Can delete content type	4	delete_contenttype
16	Can view content type	4	view_contenttype
17	Can add session	5	add_session
18	Can change session	5	change_session
19	Can delete session	5	delete_session
20	Can view session	5	view_session
21	Can add user	6	add_customuser
22	Can change user	6	change_customuser
23	Can delete user	6	delete_customuser
24	Can view user	6	view_customuser
25	Can add producto	7	add_producto
26	Can change producto	7	change_producto
27	Can delete producto	7	delete_producto
28	Can view producto	7	view_producto
\.


--
-- Data for Name: django_admin_log; Type: TABLE DATA; Schema: public; Owner: surfix_user
--

COPY public.django_admin_log (id, action_time, object_id, object_repr, action_flag, change_message, content_type_id, user_id) FROM stdin;
1	2025-06-24 19:53:05.11741+00	2	rafa	1	[{"added": {}}]	6	1
2	2025-06-24 19:53:13.497173+00	2	rafa	2	[{"changed": {"fields": ["Celular"]}}]	6	1
3	2025-06-24 19:53:33.512499+00	3	jose	1	[{"added": {}}]	6	1
4	2025-06-24 19:53:36.704841+00	3	jose	2	[]	6	1
5	2025-06-24 19:53:54.270262+00	4	naara	1	[{"added": {}}]	6	1
6	2025-06-24 19:53:56.732118+00	4	naara	2	[]	6	1
7	2025-06-24 20:04:27.728541+00	5	assiz	1	[{"added": {}}]	6	1
8	2025-06-24 20:04:49.794951+00	5	assiz	2	[{"changed": {"fields": ["First name", "Last name", "Email address", "Celular"]}}]	6	1
9	2025-06-24 20:06:54.575467+00	244	50130000301207   Latex Int./Ext.	2	[{"changed": {"fields": ["Producto"]}}]	7	1
10	2025-06-24 20:07:05.940177+00	243	50130000301206   Latex Int./Ext.	2	[{"changed": {"fields": ["Producto"]}}]	7	1
11	2025-06-24 20:07:13.230811+00	242	50130000301205   Latex Int./Ext.	2	[{"changed": {"fields": ["Producto"]}}]	7	1
12	2025-06-24 20:07:19.024096+00	241	50130000301204   Latex Int./Ext.	2	[{"changed": {"fields": ["Producto"]}}]	7	1
13	2025-06-24 20:14:43.383109+00	246	50100000402705     Fijador	2	[{"changed": {"fields": ["Codigo", "Producto"]}}]	7	1
14	2025-06-24 20:14:53.337668+00	245	50100000402704     Fijador	2	[{"changed": {"fields": ["Codigo", "Producto"]}}]	7	1
\.


--
-- Data for Name: django_content_type; Type: TABLE DATA; Schema: public; Owner: surfix_user
--

COPY public.django_content_type (id, app_label, model) FROM stdin;
1	admin	logentry
2	auth	permission
3	auth	group
4	contenttypes	contenttype
5	sessions	session
6	login	customuser
7	listas	producto
\.


--
-- Data for Name: django_migrations; Type: TABLE DATA; Schema: public; Owner: surfix_user
--

COPY public.django_migrations (id, app, name, applied) FROM stdin;
1	contenttypes	0001_initial	2025-06-24 19:48:56.716152+00
2	contenttypes	0002_remove_content_type_name	2025-06-24 19:48:56.741284+00
3	auth	0001_initial	2025-06-24 19:48:57.284293+00
4	auth	0002_alter_permission_name_max_length	2025-06-24 19:48:57.308035+00
5	auth	0003_alter_user_email_max_length	2025-06-24 19:48:57.350639+00
6	auth	0004_alter_user_username_opts	2025-06-24 19:48:57.376779+00
7	auth	0005_alter_user_last_login_null	2025-06-24 19:48:57.41263+00
8	auth	0006_require_contenttypes_0002	2025-06-24 19:48:57.426342+00
9	auth	0007_alter_validators_add_error_messages	2025-06-24 19:48:57.449736+00
10	auth	0008_alter_user_username_max_length	2025-06-24 19:48:57.469802+00
11	auth	0009_alter_user_last_name_max_length	2025-06-24 19:48:57.491861+00
12	auth	0010_alter_group_name_max_length	2025-06-24 19:48:57.531291+00
13	auth	0011_update_proxy_permissions	2025-06-24 19:48:57.555936+00
14	auth	0012_alter_user_first_name_max_length	2025-06-24 19:48:57.575367+00
15	login	0001_initial	2025-06-24 19:48:58.019577+00
16	admin	0001_initial	2025-06-24 19:48:58.232687+00
17	admin	0002_logentry_remove_auto_add	2025-06-24 19:48:58.252654+00
18	admin	0003_logentry_add_action_flag_choices	2025-06-24 19:48:58.273187+00
19	listas	0001_initial	2025-06-24 19:48:58.372234+00
20	login	0002_alter_customuser_id	2025-06-24 19:48:59.021794+00
21	sessions	0001_initial	2025-06-24 19:48:59.222812+00
\.


--
-- Data for Name: django_session; Type: TABLE DATA; Schema: public; Owner: surfix_user
--

COPY public.django_session (session_key, session_data, expire_date) FROM stdin;
3tg8yxecwokyvhc7lwbtq13nbyctbios	.eJxVjMEOwiAQRP-FsyFSWZf16N1vIAsLUjWQlPZk_HfbpAed47w381ael7n4pafJj6IuyqjDbxc4PlPdgDy43puOrc7TGPSm6J12fWuSXtfd_Tso3Mu6toYGdCkiOSQUIBBDWQDQrWGIJ6Kcj2CJgM8DS0hsnQRitsSC6vMFwfM3uQ:1uUA1w:00UT80t02bqSvryEjWqr4938MlI-yBjYOsMP53iUryI	2025-07-08 20:14:08.994455+00
owwysllrdzqgu05z9j929g60xp9yz0hz	.eJxVjEEOwiAQRe_C2hCgM9C4dO8ZyMxApWogKe3KeHdt0oVu_3vvv1SkbS1x63mJc1JnNajT78Ykj1x3kO5Ub01Lq-sys94VfdCury3l5-Vw_w4K9fKtR5_FULCWE9iACIIewSPBIChoJgdoKIdJwAQQbzyJdcaNloUBWL0_xNw3IQ:1uUAFX:Et8p9ohE7ZUm6syLy_hJoy1eQxH3twMyiucoO1crkAk	2025-07-08 20:28:11.240157+00
9lqgb79vdd6kprbn9ruuct3h7hsfa09y	.eJxVjMEOwiAQRP-FsyFhiwU8evcbyMLuStVAUtqT8d9tkx70MJd5b-atIq5LiWvnOU6kLgrU6bdLmJ9cd0APrPemc6vLPCW9K_qgXd8a8et6uH8HBXvZ1qOn5GnwjKM1AGDFgQnJeAnOebGYQIhpMCFbYx2D2XKWIJK9sw7V5wvYkDfD:1uUTId:kriGBbDBODXwrT9cu8dUucud6fW6FJ3GaYMyVHPRf0w	2025-07-09 16:48:39.986852+00
vi4wfcvt1o6vt02qub3i5w1o0y9duavl	.eJxVjMEOwiAQRP-FsyFhiwU8evcbyMLuStVAUtqT8d9tkx70MJd5b-atIq5LiWvnOU6kLgrU6bdLmJ9cd0APrPemc6vLPCW9K_qgXd8a8et6uH8HBXvZ1qOn5GnwjKM1AGDFgQnJeAnOebGYQIhpMCFbYx2D2XKWIJK9sw7V5wvYkDfD:1uUTMT:JIEQJCorw19IxB7sNJJgWRQcj6iWSDJYmKqmYnUfkKI	2025-07-09 16:52:37.924179+00
rfj1lk5z59tv3825bo39549c23kf2uqu	.eJxVjEEOwiAQRe_C2hCgM9C4dO8ZyMxApWogKe3KeHdt0oVu_3vvv1SkbS1x63mJc1JnNajT78Ykj1x3kO5Ub01Lq-sys94VfdCury3l5-Vw_w4K9fKtR5_FULCWE9iACIIewSPBIChoJgdoKIdJwAQQbzyJdcaNloUBWL0_xNw3IQ:1uUVlc:80lOo-ys66VaMsZK06baJRH__gGdge0IYau4egQYF_E	2025-07-09 19:26:44.442106+00
bdkb57e0zukxnrxdr5v4g2pkuemwss3q	.eJxVjEEOwiAQRe_C2hCgM9C4dO8ZyMxApWogKe3KeHdt0oVu_3vvv1SkbS1x63mJc1JnNajT78Ykj1x3kO5Ub01Lq-sys94VfdCury3l5-Vw_w4K9fKtR5_FULCWE9iACIIewSPBIChoJgdoKIdJwAQQbzyJdcaNloUBWL0_xNw3IQ:1uUW1s:zv_yeZazrVpavtUojGfekLfacR5TF57q4CqmbBT4ENo	2025-07-09 19:43:32.098599+00
t5pbfqpcpv9q5rvw5e65pereibmt9j8v	.eJxVjDsOwjAQBe_iGlnxLv5R0ucM1tpr4wBypDipEHeHSCmgfTPzXiLQttaw9byEicVFaHH63SKlR2474Du12yzT3NZlinJX5EG7HGfOz-vh_h1U6vVblxitzR68SgYdDqg9FNAOzoQ8JHJMnmO2jAAlsyqpMDpwzhud2Cjx_gDlcTgZ:1uUW5M:EMh2k4t1bQ-tZQ-EhowPdpJJDtuyRhAc4xTi-BoBQKE	2025-07-09 19:47:08.757958+00
a088yp448pkn5rcp8lo6wkzfok4zplri	.eJxVjDsOwjAQBe_iGlnxLv5R0ucM1tpr4wBypDipEHeHSCmgfTPzXiLQttaw9byEicVFaHH63SKlR2474Du12yzT3NZlinJX5EG7HGfOz-vh_h1U6vVblxitzR68SgYdDqg9FNAOzoQ8JHJMnmO2jAAlsyqpMDpwzhud2Cjx_gDlcTgZ:1uUWA1:Drxhne-4ava0TbDyd1ZMvjVAlBNvO2uIAqCKD96qdYE	2025-07-09 19:51:57.259697+00
\.


--
-- Data for Name: listas_producto; Type: TABLE DATA; Schema: public; Owner: surfix_user
--

COPY public.listas_producto (id, codigo, grano, precio_unidad, formato, descuento, ad, largo, ancho, litros, producto, medidas, unidades_x_caja, categoria) FROM stdin;
1	0540-00712-FI040     c/bolsita 		2.339	\N	\N	\N	\N	\N	0	Rapifix Nº 540 Papel Blanco Uso General	12 mm x 40 mts	72	Fijapel
2	0540-00718-FI040     c/bolsita 		3.508	\N	\N	\N	\N	\N	0	Rapifix Nº 540 Papel Blanco Uso General	18 mm x 40 mts	48	Fijapel
3	0540-00724-FI040     c/bolsita 		4.677	\N	\N	\N	\N	\N	0	Rapifix Nº 540 Papel Blanco Uso General	24 mm x 40 mts	36	Fijapel
4	0540-00736-FI040     c/bolsita 		7.016	\N	\N	\N	\N	\N	0	Rapifix Nº 540 Papel Blanco Uso General	36 mm x 40 mts	24	Fijapel
5	0540-00748-FI040     c/bolsita 		9.354	\N	\N	\N	\N	\N	0	Rapifix Nº 540 Papel Blanco Uso General	48 mm x 40 mts	18	Fijapel
6	0330  00048  00045   (granel)		3.437	\N	\N	\N	\N	\N	0	Cinta OPP Marrón Fijapel	48 mm x 45 mts	36	Fijapel
7	0330  00048  00090   (granel)		6.009	\N	\N	\N	\N	\N	0	Cinta OPP Marrón Fijapel	48 mm x 90 mts	36	Fijapel
8	0335  00024  00045    (granel)		1.882	\N	\N	\N	\N	\N	0	Rapifix Nº 350 OPP 45µ Transparente	24 mm x 45 mts	72	Fijapel
9	0335  00048  00045    (granel)		3.437	\N	\N	\N	\N	\N	0	Rapifix Nº 350 OPP 45µ Transparente	48 mm x 45 mts	36	Fijapel
10	0335  00048  00090    (granel)		6.009	\N	\N	\N	\N	\N	0	Rapifix Nº 350 OPP 45µ Transparente	48 mm x 90 mts	36	Fijapel
11	2000AGUA 00060	60	1.110	\N	\N	\N	\N	\N	0	Lija al Agua Carburo de Silicio		0	Abrasivos
12	2000AGUA 00080	80	1.110	\N	\N	\N	\N	\N	0	Lija al Agua Carburo de Silicio		0	Abrasivos
13	2000AGUA 00100	100	1.110	\N	\N	\N	\N	\N	0	Lija al Agua Carburo de Silicio		0	Abrasivos
14	2000AGUA 00120	120	1.110	\N	\N	\N	\N	\N	0	Lija al Agua Carburo de Silicio		0	Abrasivos
15	2000AGUA 00150	150	1.110	\N	\N	\N	\N	\N	0	Lija al Agua Carburo de Silicio		0	Abrasivos
16	2000AGUA 00180	180	1.110	\N	\N	\N	\N	\N	0	Lija al Agua Carburo de Silicio		0	Abrasivos
17	2000AGUA 00220	220	1.110	\N	\N	\N	\N	\N	0	Lija al Agua Carburo de Silicio		0	Abrasivos
18	2000AGUA 00240	240	1.110	\N	\N	\N	\N	\N	0	Lija al Agua Carburo de Silicio		0	Abrasivos
19	2000AGUA 00280	280	1.110	\N	\N	\N	\N	\N	0	Lija al Agua Carburo de Silicio		0	Abrasivos
20	2000AGUA 00320	320	1.110	\N	\N	\N	\N	\N	0	Lija al Agua Carburo de Silicio		0	Abrasivos
21	2000AGUA 00360	360	1.110	\N	\N	\N	\N	\N	0	Lija al Agua Carburo de Silicio		0	Abrasivos
22	2000AGUA 00400	400	1.110	\N	\N	\N	\N	\N	0	Lija al Agua Carburo de Silicio		0	Abrasivos
23	2000AGUA 00500	500	1.110	\N	\N	\N	\N	\N	0	Lija al Agua Carburo de Silicio		0	Abrasivos
24	2000AGUA 00600	600	1.110	\N	\N	\N	\N	\N	0	Lija al Agua Carburo de Silicio		0	Abrasivos
25	2000AGUA 00800	800	1.110	\N	\N	\N	\N	\N	0	Lija al Agua Carburo de Silicio		0	Abrasivos
26	2000AGUA 01000	1000	1.356	\N	\N	\N	\N	\N	0	Lija al Agua Carburo de Silicio		0	Abrasivos
27	2000AGUA 01500	1500	1.356	\N	\N	\N	\N	\N	0	Lija al Agua Carburo de Silicio		0	Abrasivos
28	2000AGUA 02000	2000	1.356	\N	\N	\N	\N	\N	0	Lija al Agua Carburo de Silicio		0	Abrasivos
29	2000AGUA 02500	2500	1.356	\N	\N	\N	\N	\N	0	Lija al Agua Carburo de Silicio		0	Abrasivos
30	2000WF  00080	80	1.232	\N	\N	\N	\N	\N	0	Lija Antiempaste White Fill Óxido de Aluminio		0	Abrasivos
31	2000WF  00100	100	1.232	\N	\N	\N	\N	\N	0	Lija Antiempaste White Fill Óxido de Aluminio		0	Abrasivos
32	2000WF  00120	120	1.232	\N	\N	\N	\N	\N	0	Lija Antiempaste White Fill Óxido de Aluminio		0	Abrasivos
33	2000WF  00150	150	1.232	\N	\N	\N	\N	\N	0	Lija Antiempaste White Fill Óxido de Aluminio		0	Abrasivos
34	2000WF  00180	180	1.232	\N	\N	\N	\N	\N	0	Lija Antiempaste White Fill Óxido de Aluminio		0	Abrasivos
35	2000WF  00220	220	1.232	\N	\N	\N	\N	\N	0	Lija Antiempaste White Fill Óxido de Aluminio		0	Abrasivos
36	2000WF  00240	240	1.232	\N	\N	\N	\N	\N	0	Lija Antiempaste White Fill Óxido de Aluminio		0	Abrasivos
37	2000WF  00320	320	1.232	\N	\N	\N	\N	\N	0	Lija Antiempaste White Fill Óxido de Aluminio		0	Abrasivos
38	2000WF  00360	360	1.232	\N	\N	\N	\N	\N	0	Lija Antiempaste White Fill Óxido de Aluminio		0	Abrasivos
39	2000WF  00400	400	1.232	\N	\N	\N	\N	\N	0	Lija Antiempaste White Fill Óxido de Aluminio		0	Abrasivos
40	2000ROJA 00060\n2000ROJA 00060\n	60	0.739	\N	\N	\N	\N	\N	0	Lija Roja Óxido de Aluminio		0	Abrasivos
41	2000ROJA 00080	80	0.739	\N	\N	\N	\N	\N	0	Lija Roja Óxido de Aluminio		0	Abrasivos
42	2000ROJA 00100	100	0.739	\N	\N	\N	\N	\N	0	Lija Roja Óxido de Aluminio		0	Abrasivos
43	2000ROJA 00120	120	0.739	\N	\N	\N	\N	\N	0	Lija Roja Óxido de Aluminio		0	Abrasivos
44	2000ROJA 00150	150	0.739	\N	\N	\N	\N	\N	0	Lija Roja Óxido de Aluminio		0	Abrasivos
45	2000ROJA 00180	180	0.739	\N	\N	\N	\N	\N	0	Lija Roja Óxido de Aluminio		0	Abrasivos
46	2000ESMER00036	36	1.605	\N	\N	\N	\N	\N	0	Lija Tela Esmeril Óxido de Aluminio		0	Abrasivos
47	2000ESMER00060	60	1.605	\N	\N	\N	\N	\N	0	Lija Tela Esmeril Óxido de Aluminio		0	Abrasivos
48	2000ESMER00080	80	1.605	\N	\N	\N	\N	\N	0	Lija Tela Esmeril Óxido de Aluminio		0	Abrasivos
49	2000ESMER00100	100	1.605	\N	\N	\N	\N	\N	0	Lija Tela Esmeril Óxido de Aluminio		0	Abrasivos
50	2000ESMER00120	120	1.605	\N	\N	\N	\N	\N	0	Lija Tela Esmeril Óxido de Aluminio		0	Abrasivos
51	2000ESMER00150	150	1.605	\N	\N	\N	\N	\N	0	Lija Tela Esmeril Óxido de Aluminio		0	Abrasivos
52	2000ESMER00180	180	1.605	\N	\N	\N	\N	\N	0	Lija Tela Esmeril Óxido de Aluminio		0	Abrasivos
53	2000ESMER00220	220	1.605	\N	\N	\N	\N	\N	0	Lija Tela Esmeril Óxido de Aluminio		0	Abrasivos
54	2000ESMER00240	240	1.605	\N	\N	\N	\N	\N	0	Lija Tela Esmeril Óxido de Aluminio		0	Abrasivos
55	2000ESMER00320	320	1.605	\N	\N	\N	\N	\N	0	Lija Tela Esmeril Óxido de Aluminio		0	Abrasivos
56	2100K720T00040	40	1.232	\N	\N	\N	\N	\N	0	Disco Abrasivo Oxido de Aluminio		0	Abrasivos
57	2100K720T00060	60	1.232	\N	\N	\N	\N	\N	0	Disco Abrasivo Oxido de Aluminio		0	Abrasivos
58	2100K720T00080	80	1.232	\N	\N	\N	\N	\N	0	Disco Abrasivo Oxido de Aluminio		0	Abrasivos
59	2100K720T00120	120	1.232	\N	\N	\N	\N	\N	0	Disco Abrasivo Oxido de Aluminio		0	Abrasivos
60	2100K720T00150	150	1.232	\N	\N	\N	\N	\N	0	Disco Abrasivo Oxido de Aluminio		0	Abrasivos
61	2100K720T00180	180	1.232	\N	\N	\N	\N	\N	0	Disco Abrasivo Oxido de Aluminio		0	Abrasivos
62	2100K720T00220	220	1.232	\N	\N	\N	\N	\N	0	Disco Abrasivo Oxido de Aluminio		0	Abrasivos
63	2100K720T00240	240	1.232	\N	\N	\N	\N	\N	0	Disco Abrasivo Oxido de Aluminio		0	Abrasivos
64	2100K720T00320	320	1.232	\N	\N	\N	\N	\N	0	Disco Abrasivo Oxido de Aluminio		0	Abrasivos
65	2100K720T00400	400	1.232	\N	\N	\N	\N	\N	0	Disco Abrasivo Oxido de Aluminio		0	Abrasivos
66	2100K720T00500	500	1.232	\N	\N	\N	\N	\N	0	Disco Abrasivo Oxido de Aluminio		0	Abrasivos
67	2100K720T00600	600	1.232	\N	\N	\N	\N	\N	0	Disco Abrasivo Oxido de Aluminio		0	Abrasivos
68	2100K720T01000	1000	1.232	\N	\N	\N	\N	\N	0	Disco Abrasivo Oxido de Aluminio		0	Abrasivos
69	2100K720T01500	1500	1.232	\N	\N	\N	\N	\N	0	Disco Abrasivo Oxido de Aluminio		0	Abrasivos
70	2100K720T02000	2000	1.232	\N	\N	\N	\N	\N	0	Disco Abrasivo Oxido de Aluminio		0	Abrasivos
71	2100K720T02500	2500	1.232	\N	\N	\N	\N	\N	0	Disco Abrasivo Oxido de Aluminio		0	Abrasivos
72	2110K720T00040	40	1.110	\N	\N	\N	\N	\N	0	Disco Abrasivo Oxido de Aluminio		0	Abrasivos
73	2110K720T00060	60	1.110	\N	\N	\N	\N	\N	0	Disco Abrasivo Oxido de Aluminio		0	Abrasivos
74	2110K720T00080	80	1.110	\N	\N	\N	\N	\N	0	Disco Abrasivo Oxido de Aluminio		0	Abrasivos
75	2110K720T00100	100	1.110	\N	\N	\N	\N	\N	0	Disco Abrasivo Oxido de Aluminio		0	Abrasivos
76	2110K720T00120	120	1.110	\N	\N	\N	\N	\N	0	Disco Abrasivo Oxido de Aluminio		0	Abrasivos
77	0540 00006 00050     (granel)		1.825	\N	\N	\N	\N	\N	0	Rapifix Nº 540 Papel Blanco Uso General	6 mm x 50 mts	50	Cintas Rapifix
78	0540 00012 00050     (granel)		3.278	\N	\N	\N	\N	\N	0	Rapifix Nº 540 Papel Blanco Uso General	12 mm x 50 mts	72	Cintas Rapifix
79	0540 00015 00050     (granel)		4.097	\N	\N	\N	\N	\N	0	Rapifix Nº 150 Filamentosa	15 mm x 50 mts	60	Cintas Rapifix
80	0540 00018 00050     (granel)		4.917	\N	\N	\N	\N	\N	0	Rapifix Nº 540 Papel Blanco Uso General	18 mm x 50 mts	48	Cintas Rapifix
81	0540 00024 00050     (granel)		6.556	\N	\N	\N	\N	\N	0	Rapifix Nº 540 Papel Blanco Uso General	24 mm x 50 mts	36	Cintas Rapifix
82	0540 00030 00050     (granel)		8.195	\N	\N	\N	\N	\N	0	Rapifix Nº 540 Papel Blanco Uso General	30 mm x 50 mts	28	Cintas Rapifix
83	0540 00036 00050     (granel)		9.834	\N	\N	\N	\N	\N	0	Rapifix Nº 540 Papel Blanco Uso General	36 mm x 50 mts	24	Cintas Rapifix
84	0540 00048 00050     (granel)		13.112	\N	\N	\N	\N	\N	0	Rapifix Nº 540 Papel Blanco Uso General	48 mm x 50 mts	18	Cintas Rapifix
85	0540 00072 00050     (granel)		19.668	\N	\N	\N	\N	\N	0	Rapifix Nº 540 Papel Blanco Uso General	72 mm x 50 mts	12	Cintas Rapifix
86	0540 00096 00050     (granel)		26.224	\N	\N	\N	\N	\N	0	Rapifix Nº 540 Papel Blanco Uso General	96 mm x 50 mts	12	Cintas Rapifix
87	0540 00460 00050     (granel)		125.627	\N	\N	\N	\N	\N	0	Rapifix Nº 540 Papel Blanco Uso General	460 mm x 50 mts	4	Cintas Rapifix
88	0540 00712 00050     c/bolsita		3.454	\N	\N	\N	\N	\N	0	Rapifix Nº 540 Papel Blanco Uso General	12 mm x 50 mts	72	Cintas Rapifix
89	0540 00715 00050     c/bolsita		3.925	\N	\N	\N	\N	\N	0	Rapifix Nº 150 Filamentosa	15 mm x 50 mts	60	Cintas Rapifix
90	0540 00718 00050     c/bolsita		5.181	\N	\N	\N	\N	\N	0	Rapifix Nº 540 Papel Blanco Uso General	18 mm x 50 mts	48	Cintas Rapifix
91	0540 00724 00050     c/bolsita		6.908	\N	\N	\N	\N	\N	0	Rapifix Nº 540 Papel Blanco Uso General	24 mm x 50 mts	36	Cintas Rapifix
92	0540 00736 00050     c/bolsita		10.362	\N	\N	\N	\N	\N	0	Rapifix Nº 540 Papel Blanco Uso General	36 mm x 50 mts	24	Cintas Rapifix
93	0540 00748 00050     c/bolsita		13.816	\N	\N	\N	\N	\N	0	Rapifix Nº 540 Papel Blanco Uso General	48 mm x 50 mts	18	Cintas Rapifix
94	0520 00012 00050     (granel)		4.694	\N	\N	\N	\N	\N	0	Rapifix Nº 520 Papel Negro Uso General	12 mm x 50 mts	72	Cintas Rapifix
95	0520 00018 00050     (granel)		7.041	\N	\N	\N	\N	\N	0	Rapifix Nº 520 Papel Negro Uso General	18 mm x 50 mts	48	Cintas Rapifix
96	0520 00024 00050     (granel)		9.388	\N	\N	\N	\N	\N	0	Rapifix Nº 520 Papel Negro Uso General	24 mm x 50 mts	36	Cintas Rapifix
97	0520 00030 00050     (granel)		11.737	\N	\N	\N	\N	\N	0	Rapifix Nº 520 Papel Negro Uso General	30 mm x 50 mts	28	Cintas Rapifix
98	0520 00036 00050     (granel)		14.082	\N	\N	\N	\N	\N	0	Rapifix Nº 520 Papel Negro Uso General	36 mm x 50 mts	24	Cintas Rapifix
99	0520 00048 00050     (granel)		18.776	\N	\N	\N	\N	\N	0	Rapifix Nº 520 Papel Negro Uso General	48 mm x 50 mts	18	Cintas Rapifix
100	0500 00712 00040     c/bolsita		2.921	\N	\N	\N	\N	\N	0	Rapifix Nº 500 Papel Enmascarar Blanco Obra	12 mm x 40 mts	72	Cintas Rapifix
101	0500 00418 00040     termocontraible		4.381	\N	\N	\N	\N	\N	0	Rapifix Nº 500 Papel Enmascarar Blanco Obra	18 mm x 40 mts	48	Cintas Rapifix
102	0500 00424 00040     termocontraible		5.841	\N	\N	\N	\N	\N	0	Rapifix Nº 500 Papel Enmascarar Blanco Obra	24 mm x 40 mts	36	Cintas Rapifix
103	0500 00436 00040     termocontraible		8.762	\N	\N	\N	\N	\N	0	Rapifix Nº 500 Papel Enmascarar Blanco Obra	36 mm x 40 mts	24	Cintas Rapifix
104	0500 00448 00040     termocontraible		11.683	\N	\N	\N	\N	\N	0	Rapifix Nº 500 Papel Enmascarar Blanco Obra	48 mm x 40 mts	18	Cintas Rapifix
105	0550 00418 00040  termocontraible (NUEVO)		5.094	\N	\N	\N	\N	\N	0	Rapifix Nº 500 Papel Enmascarar Blanco Obra	18 mm x 40 mts	48	Cintas Rapifix
106	0550 00424 00040  termocontraible (NUEVO)		6.792	\N	\N	\N	\N	\N	0	Rapifix Nº 500 Papel Enmascarar Blanco Obra	24 mm x 40 mts	36	Cintas Rapifix
107	0550 00436 00040  termocontraible (NUEVO)		10.188	\N	\N	\N	\N	\N	0	Rapifix Nº 500 Papel Enmascarar Blanco Obra	36 mm x 40 mts	24	Cintas Rapifix
108	0550 00448 00040  termocontraible (NUEVO)		13.584	\N	\N	\N	\N	\N	0	Rapifix Nº 500 Papel Enmascarar Blanco Obra	48 mm x 40 mts	18	Cintas Rapifix
109	0510 00718 00040      c/bolsita		4.779	\N	\N	\N	\N	\N	0	Rapifix Nº 510 Arte y Diseño	18 mm x 40 mts	48	Cintas Rapifix
110	0510 00724 00040      c/bolsita		6.372	\N	\N	\N	\N	\N	0	Rapifix Nº 510 Arte y Diseño	24 mm x 40 mts	36	Cintas Rapifix
111	0570 00006 00050       (granel) 		1.888	\N	\N	\N	\N	\N	0	Rapifix Nº 570 Automotor Blanca	6 mm x 50 mts	50	Cintas Rapifix
112	0570 00012 00050  (granel) 		3.288	\N	\N	\N	\N	\N	0	Rapifix Nº 570 Automotor Blanca	12 mm x 50 mts	72	Cintas Rapifix
113	0570 00018 00050       (granel)		4.932	\N	\N	\N	\N	\N	0	Rapifix Nº 570 Automotor Blanca	18 mm x 50 mts	48	Cintas Rapifix
114	0570 00024 00050       (granel)		6.577	\N	\N	\N	\N	\N	0	Rapifix Nº 570 Automotor Blanca	24 mm x 50 mts	36	Cintas Rapifix
115	0570 00036 00050       (granel)		9.864	\N	\N	\N	\N	\N	0	Rapifix Nº 570 Automotor Blanca	36 mm x 50 mts	24	Cintas Rapifix
116	0570 00048 00050       (granel)		13.153	\N	\N	\N	\N	\N	0	Rapifix Nº 570 Automotor Blanca	48 mm x 50 mts	18	Cintas Rapifix
117	0570 00072 00050       (granel)		19.278	\N	\N	\N	\N	\N	0	Rapifix Nº 570 Automotor Blanca	72 mm x 50 mts	12	Cintas Rapifix
118	0570 00712 00050       c/bolsita		3.528	\N	\N	\N	\N	\N	0	Rapifix Nº 570 Automotor Blanca	12 mm x 50 mts	72	Cintas Rapifix
119	0570 00715 00050       c/bolsita		4.410	\N	\N	\N	\N	\N	0	Rapifix Nº 150 Filamentosa	15 mm x 50 mts	60	Cintas Rapifix
120	0570 00418 00050     termocontraible		5.292	\N	\N	\N	\N	\N	0	Rapifix Nº 570 Automotor Blanca	18 mm x 50 mts	48	Cintas Rapifix
121	0570 00424 00050     termocontraible		7.056	\N	\N	\N	\N	\N	0	Rapifix Nº 570 Automotor Blanca	24 mm x 50 mts	36	Cintas Rapifix
122	0570 00436 00050     termocontraible		10.584	\N	\N	\N	\N	\N	0	Rapifix Nº 570 Automotor Blanca	36 mm x 50 mts	24	Cintas Rapifix
123	0570 00448 00050     termocontraible		14.112	\N	\N	\N	\N	\N	0	Rapifix Nº 570 Automotor Blanca	48 mm x 50 mts	18	Cintas Rapifix
124	0560 00418 00040        termocontraible		5.256	\N	\N	\N	\N	\N	0	Rapifix Nº 560 Automotor Verde Premium	18 mm x 40 mts	48	Cintas Rapifix
125	0560 00448 00040        termocontraible		14.016	\N	\N	\N	\N	\N	0	Rapifix Nº 560 Automotor Verde Premium	48 mm x 40 mts	18	Cintas Rapifix
126	0590 00418 00040       termocontraible		4.824	\N	\N	\N	\N	\N	0	Rapifix Nº 590 Automotor Amarillo	18 mm x 40 mts	48	Cintas Rapifix
127	0590 00448 00040       termocontraible		12.864	\N	\N	\N	\N	\N	0	Rapifix Nº 590 Automotor Amarillo	48 mm x 40 mts	18	Cintas Rapifix
128	0795 04000 00100      c/caja		135.117	\N	\N	\N	\N	\N	0	Rapifix Nº 795 Film Para Enmascarar Automotor/Obra	4000 mm x 100 mts	1	Cintas Rapifix
129	0795 04000 00010      c/caja		39.417	\N	\N	\N	\N	\N	0	Rapifix Nº 795 Film Para Enmascarar Automotor/Obra	4000 mm x 10 mts	1	Cintas Rapifix
130	0310  00024  00050     (granel)		3.325	\N	\N	\N	\N	\N	0	Rapifix Nº 310 OPP 50µ Transparente	24 mm x 50 mts	72	Cintas Rapifix
131	0310  00036  00050     (granel)		4.989	\N	\N	\N	\N	\N	0	Rapifix Nº 310 OPP 50µ Transparente	36 mm x 50 mts	48	Cintas Rapifix
132	0310  00048  00050     (granel)		6.329	\N	\N	\N	\N	\N	0	Rapifix Nº 310 OPP 50µ Transparente	48 mm x 50 mts	36	Cintas Rapifix
133	0310  00048  00100     (granel)		12.314	\N	\N	\N	\N	\N	0	Rapifix Nº 310 OPP 50µ Transparente	48 mm x 100 mts	36	Cintas Rapifix
135	0320 00048 AZ050   AZUL		3.733	\N	\N	\N	\N	\N	0	Rapifix Nº 320 OPP 45µ Colores	48 mm x 50 mts	36	Cintas Rapifix
136	0320 00048 BL050   BLANCO		3.733	\N	\N	\N	\N	\N	0	Rapifix Nº 320 OPP 45µ Colores	48 mm x 50 mts	36	Cintas Rapifix
137	0320 00048 NA050  NARANJA		3.733	\N	\N	\N	\N	\N	0	Rapifix Nº 320 OPP 45µ Colores	48 mm x 50 mts	36	Cintas Rapifix
138	0320 00048 NE050  NEGRO		3.733	\N	\N	\N	\N	\N	0	Rapifix Nº 320 OPP 45µ Colores	48 mm x 50 mts	36	Cintas Rapifix
139	0320 00048 RO050  ROJO		3.733	\N	\N	\N	\N	\N	0	Rapifix Nº 320 OPP 45µ Colores	48 mm x 50 mts	36	Cintas Rapifix
140	0320 00048 VE050  VERDE		3.733	\N	\N	\N	\N	\N	0	Rapifix Nº 320 OPP 45µ Colores	48 mm x 50 mts	36	Cintas Rapifix
134	0320 00048 AM050  AMARILLO		3.733	\N	\N	\N	\N	\N	0	Rapifix Nº 320 OPP 45µ Colores	48 mm x 50 mts	36	Cintas Rapifix
141	0320 00048 SU050  SURTIDO		3.733	\N	\N	\N	\N	\N	0	Rapifix Nº 320 OPP 45µ Colores	48 mm x 50 mts	36	Cintas Rapifix
142	0340  00048  00050    (granel)		3.733	\N	\N	\N	\N	\N	0	Rapifix Nº 340 OPP 45µ Marrón	48 mm x 50 mts	36	Cintas Rapifix
143	0340  00048  00100    (granel)		7.030	\N	\N	\N	\N	\N	0	Rapifix Nº 340 OPP 45µ Marrón	48 mm x 100 mts	36	Cintas Rapifix
144	0340  00072  00050    (granel)		5.875	\N	\N	\N	\N	\N	0	Rapifix Nº 340 OPP 45µ Marrón	72 mm x 50 mts	24	Cintas Rapifix
145	0340  00096  00050    (granel)		7.835	\N	\N	\N	\N	\N	0	Rapifix Nº 340 OPP 45µ Marrón	96 mm x 50 mts	18	Cintas Rapifix
146	0340  00724  00050    c/bolsita		2.066	\N	\N	\N	\N	\N	0	Rapifix Nº 340 OPP 45µ Marrón	24 mm x 50 mts	72	Cintas Rapifix
147	0340  00736  00050    c/bolsita		3.098	\N	\N	\N	\N	\N	0	Rapifix Nº 340 OPP 45µ Marrón	36 mm x 50 mts	48	Cintas Rapifix
148	0340  00748  00050    c/bolsita		3.940	\N	\N	\N	\N	\N	0	Rapifix Nº 340 OPP 45µ Marrón	48 mm x 50 mts	36	Cintas Rapifix
149	0350  00024  00050    (granel)		1.890	\N	\N	\N	\N	\N	0	Rapifix Nº 350 OPP 45µ Transparente	24 mm x 50 mts	72	Cintas Rapifix
150	0350  00036  00050    (granel)		2.836	\N	\N	\N	\N	\N	0	Rapifix Nº 350 OPP 45µ Transparente	36 mm x 50 mts	48	Cintas Rapifix
151	0350  00048  00050    (granel)		3.593	\N	\N	\N	\N	\N	0	Rapifix Nº 350 OPP 45µ Transparente	48 mm x 50 mts	36	Cintas Rapifix
152	0350  00048  00100    (granel)		6.732	\N	\N	\N	\N	\N	0	Rapifix Nº 350 OPP 45µ Transparente	48 mm x 100 mts	36	Cintas Rapifix
153	0350  00048  01000    (granel)		64.581	\N	\N	\N	\N	\N	0	Rapifix Nº 350 OPP 45µ Transparente	48 mm x 1000 mts	5	Cintas Rapifix
154	0350  00072  00050    (granel)		5.666	\N	\N	\N	\N	\N	0	Rapifix Nº 350 OPP 45µ Transparente	72 mm x 50 mts	24	Cintas Rapifix
155	0350  00072  00100    (granel)		10.603	\N	\N	\N	\N	\N	0	Rapifix Nº 350 OPP 45µ Transparente	72 mm x 100 mts	24	Cintas Rapifix
156	0350  00096  00050    (granel)		7.548	\N	\N	\N	\N	\N	0	Rapifix Nº 350 OPP 45µ Transparente	96 mm x 50 mts	18	Cintas Rapifix
157	0350  00724  00050    c/bolsita		2.004	\N	\N	\N	\N	\N	0	Rapifix Nº 350 OPP 45µ Transparente	24 mm x 50 mts	72	Cintas Rapifix
158	0350  00736  00050    c/bolsita		2.999	\N	\N	\N	\N	\N	0	Rapifix Nº 350 OPP 45µ Transparente	36 mm x 50 mts	48	Cintas Rapifix
159	0350  00748  00050    c/bolsita		3.812	\N	\N	\N	\N	\N	0	Rapifix Nº 350 OPP 45µ Transparente	48 mm x 50 mts	36	Cintas Rapifix
160	0370  00024  00100    (granel)		8.060	\N	\N	\N	\N	\N	0	Rapifix Nº 370 OPP 45µ Impresa Transparente	24 mm x 100 mts	72	Cintas Rapifix
161	0370  00048  FR050  - FRAGIL -		8.336	\N	\N	\N	\N	\N	0	Rapifix Nº 370 OPP 45µ Impresa Transparente	48 mm x 50 mts	36	Cintas Rapifix
162	0370  00048  00050    (granel)		8.336	\N	\N	\N	\N	\N	0	Rapifix Nº 370 OPP 45µ Impresa Transparente	48 mm x 50 mts	36	Cintas Rapifix
163	0370  00048  00100    (granel)		16.120	\N	\N	\N	\N	\N	0	Rapifix Nº 370 OPP 45µ Impresa Transparente	48 mm x 100 mts	36	Cintas Rapifix
164	0370  00072  00100    (granel)		25.014	\N	\N	\N	\N	\N	0	Rapifix Nº 370 OPP 45µ Impresa Transparente	72 mm x 100 mts	24	Cintas Rapifix
166	0373  00024  00100    (granel)		8.060	\N	\N	\N	\N	\N	0	Rapifix Nº 373 OPP 45µ Impresa Blanco	24 mm x 100 mts	72	Cintas Rapifix
167	0373  00048  FR050  - FRAGIL -		8.336	\N	\N	\N	\N	\N	0	Rapifix Nº 373 OPP 45µ Impresa Blanco	48 mm x 50 mts	36	Cintas Rapifix
168	0373  00048  00050    (granel)		8.336	\N	\N	\N	\N	\N	0	Rapifix Nº 373 OPP 45µ Impresa Blanco	48 mm x 50 mts	36	Cintas Rapifix
169	0373  00048  00100    (granel)		16.120	\N	\N	\N	\N	\N	0	Rapifix Nº 373 OPP 45µ Impresa Blanco	48 mm x 100 mts	36	Cintas Rapifix
170	0373  00072  00100    (granel)		25.014	\N	\N	\N	\N	\N	0	Rapifix Nº 373 OPP 45µ Impresa Blanco	72 mm x 100 mts	24	Cintas Rapifix
165	0900 00002 00000 CLISSE- DIBUJO		51.582	\N	\N	\N	\N	\N	0	Producto Desconocido	0 mm x 0 mts	0	Cintas Rapifix
171	0365  00712  00008   (tubos x 10 R)                                                                 		3.177	\N	\N	\N	\N	\N	0	Rapifix Nº 650 Help Tape	12 mm x 8 mts	30	Cintas Rapifix
172	0365  00712  00030   c/bolsita		0.905	\N	\N	\N	\N	\N	0	Rapifix Nº 650 Help Tape	12 mm x 30 mts	72	Cintas Rapifix
173	0365  00712  00060   c/bolsita		1.584	\N	\N	\N	\N	\N	0	Rapifix Nº 650 Help Tape	12 mm x 60 mts	72	Cintas Rapifix
174	0365  00718  00030   c/bolsita		1.357	\N	\N	\N	\N	\N	0	Rapifix Nº 650 Help Tape	18 mm x 30 mts	48	Cintas Rapifix
175	0365  00718  00060   c/bolsita		2.374	\N	\N	\N	\N	\N	0	Rapifix Nº 650 Help Tape	18 mm x 60 mts	48	Cintas Rapifix
176	0365  00724  00060   c/bolsita		3.167	\N	\N	\N	\N	\N	0	Rapifix Nº 650 Help Tape	24 mm x 60 mts	36	Cintas Rapifix
177	0130  00712  00E30   c/bolsita		2.121	\N	\N	\N	\N	\N	0	Rapifix Nº 130 OPP Invisible	12 mm x 30 mts	48	Cintas Rapifix
178	0130  00718  00E30   c/bolsita		3.183	\N	\N	\N	\N	\N	0	Rapifix Nº 130 OPP Invisible	18 mm x 30 mts	40	Cintas Rapifix
179	0380 00712 00010       (c/bolsita)		2.463	\N	\N	\N	\N	\N	0	Rapifix Nº 380 OPP Doble Faz	12 mm x 10 mts	48	Cintas Rapifix
180	0380 00012 00030       ( granel )		5.835	\N	\N	\N	\N	\N	0	Rapifix Nº 380 OPP Doble Faz	12 mm x 30 mts	72	Cintas Rapifix
181	0380 00018 00030       ( granel )		8.754	\N	\N	\N	\N	\N	0	Rapifix Nº 380 OPP Doble Faz	18 mm x 30 mts	48	Cintas Rapifix
182	0380 00024 00030       ( granel )		11.670	\N	\N	\N	\N	\N	0	Rapifix Nº 380 OPP Doble Faz	24 mm x 30 mts	36	Cintas Rapifix
183	0380 00036 00030       ( granel )		17.508	\N	\N	\N	\N	\N	0	Rapifix Nº 380 OPP Doble Faz	36 mm x 30 mts	24	Cintas Rapifix
184	0380 00048 00030       ( granel )		23.340	\N	\N	\N	\N	\N	0	Rapifix Nº 380 OPP Doble Faz	48 mm x 30 mts	18	Cintas Rapifix
185	0380 00310 00030       ( granel )		150.762	\N	\N	\N	\N	\N	0	Rapifix Nº 380 OPP Doble Faz	310 mm x 30 mts	6	Cintas Rapifix
186	0380 00510 00030       ( granel )		248.031	\N	\N	\N	\N	\N	0	Rapifix Nº 380 OPP Doble Faz	510 mm x 30 mts	6	Cintas Rapifix
187	0380 00512 00030       c/bolsita 		5.835	\N	\N	\N	\N	\N	0	Rapifix Nº 380 OPP Doble Faz	12 mm x 30 mts	72	Cintas Rapifix
188	0380 00518 00030       c/bolsita 		8.871	\N	\N	\N	\N	\N	0	Rapifix Nº 380 OPP Doble Faz	18 mm x 30 mts	48	Cintas Rapifix
189	0380 00524 00030       c/bolsita 		11.826	\N	\N	\N	\N	\N	0	Rapifix Nº 380 OPP Doble Faz	24 mm x 30 mts	36	Cintas Rapifix
190	0380 00536 00030       c/bolsita 		17.742	\N	\N	\N	\N	\N	0	Rapifix Nº 380 OPP Doble Faz	36 mm x 30 mts	24	Cintas Rapifix
191	0380 00548 00030       c/bolsita		23.652	\N	\N	\N	\N	\N	0	Rapifix Nº 380 OPP Doble Faz	48 mm x 30 mts	18	Cintas Rapifix
192	0580 00006 00030       (granel)		8.275	\N	\N	\N	\N	\N	0	Rapifix Nº 580 Papel Doble Faz	6 mm x 30 mts	144	Cintas Rapifix
193	0580 00010 00030       (granel)		11.130	\N	\N	\N	\N	\N	0	Rapifix Nº 580 Papel Doble Faz	10 mm x 30 mts	88	Cintas Rapifix
194	0580 00012 00030       (granel)		11.130	\N	\N	\N	\N	\N	0	Rapifix Nº 580 Papel Doble Faz	12 mm x 30 mts	72	Cintas Rapifix
195	0580 00018 00030       (granel)		16.695	\N	\N	\N	\N	\N	0	Rapifix Nº 580 Papel Doble Faz	18 mm x 30 mts	48	Cintas Rapifix
196	0580 00024 00030       (granel)		22.260	\N	\N	\N	\N	\N	0	Rapifix Nº 580 Papel Doble Faz	24 mm x 30 mts	36	Cintas Rapifix
197	0580 00036 00030       (granel)		33.390	\N	\N	\N	\N	\N	0	Rapifix Nº 580 Papel Doble Faz	36 mm x 30 mts	24	Cintas Rapifix
198	0580 00048 00030       (granel)		44.520	\N	\N	\N	\N	\N	0	Rapifix Nº 580 Papel Doble Faz	48 mm x 30 mts	18	Cintas Rapifix
199	0580 00072 00030       (granel)		66.780	\N	\N	\N	\N	\N	0	Rapifix Nº 580 Papel Doble Faz	72 mm x 30 mts	12	Cintas Rapifix
200	0580 00310 00030       (granel)		287.525	\N	\N	\N	\N	\N	0	Rapifix Nº 580 Papel Doble Faz	310 mm x 30 mts	4	Cintas Rapifix
201	0580 00510 00030       (granel)		473.025	\N	\N	\N	\N	\N	0	Rapifix Nº 580 Papel Doble Faz	510 mm x 30 mts	4	Cintas Rapifix
202	0780 00712 00005      c/bolsita		7.371	\N	\N	\N	\N	\N	0	Producto Desconocido	12 mm x 5 mts	28	Cintas Rapifix
203	0780 00724 00005      c/bolsita		14.742	\N	\N	\N	\N	\N	0	Producto Desconocido	24 mm x 5 mts	14	Cintas Rapifix
204	0790 00712 00010      c/bolsita		17.589	\N	\N	\N	\N	\N	0	Rapifix Nº 790 Espuma Negra Polietileno Doble Faz	12 mm x 10 mts	12	Cintas Rapifix
205	0790 00724 00010      c/bolsita		35.178	\N	\N	\N	\N	\N	0	Rapifix Nº 790 Espuma Negra Polietileno Doble Faz	24 mm x 10 mts	6	Cintas Rapifix
206	0150  00012  00050     (granel)		3.930	\N	\N	\N	\N	\N	0	Rapifix Nº 150 Filamentosa	12 mm x 50 mts	72	Cintas Rapifix
207	0150  00018  00050     (granel)		5.895	\N	\N	\N	\N	\N	0	Rapifix Nº 150 Filamentosa	18 mm x 50 mts	48	Cintas Rapifix
208	0150  00024  00050     (granel)		7.860	\N	\N	\N	\N	\N	0	Rapifix Nº 150 Filamentosa	24 mm x 50 mts	36	Cintas Rapifix
209	0150  00036  00050     (granel)		11.790	\N	\N	\N	\N	\N	0	Rapifix Nº 150 Filamentosa	36 mm x 50 mts	24	Cintas Rapifix
210	0150  00048  00050     (granel)		15.720	\N	\N	\N	\N	\N	0	Rapifix Nº 150 Filamentosa	48 mm x 50 mts	18	Cintas Rapifix
211	0270  00750  00003     c/bolsita		4.562	\N	\N	\N	\N	\N	0	Rapifix Nº 270 Aluminio 30µ	50 mm x 3 mts	18	Cintas Rapifix
212	0270  00025  00030     (granel)		11.789	\N	\N	\N	\N	\N	0	Rapifix Nº 270 Aluminio 30µ	25 mm x 30 mts	36	Cintas Rapifix
213	0270  00050  00030     (granel)		23.573	\N	\N	\N	\N	\N	0	Rapifix Nº 270 Aluminio 30µ	50 mm x 30 mts	20	Cintas Rapifix
214	0650 00750 GR009     GRIS		7.029	\N	\N	\N	\N	\N	0	Rapifix Nº 650 Help Tape	50 mm x 9 mts	18	Cintas Rapifix
215	0650 00750 AM009     AMARILLO		7.029	\N	\N	\N	\N	\N	0	Rapifix Nº 650 Help Tape	50 mm x 9 mts	18	Cintas Rapifix
216	0650 00750 NE009      NEGRO		7.029	\N	\N	\N	\N	\N	0	Rapifix Nº 650 Help Tape	50 mm x 9 mts	18	Cintas Rapifix
217	0650 00750 RO009      ROJO		7.029	\N	\N	\N	\N	\N	0	Rapifix Nº 650 Help Tape	50 mm x 9 mts	18	Cintas Rapifix
218	0650 00750 SU009      SURTIDO		7.029	\N	\N	\N	\N	\N	0	Rapifix Nº 650 Help Tape	50 mm x 9 mts	18	Cintas Rapifix
219	0650 00750 VE009      VERDE		7.029	\N	\N	\N	\N	\N	0	Rapifix Nº 650 Help Tape	50 mm x 9 mts	18	Cintas Rapifix
220	0650 00750 BL009       BLANCO		7.029	\N	\N	\N	\N	\N	0	Rapifix Nº 650 Help Tape	50 mm x 9 mts	18	Cintas Rapifix
221	0650 00750 AZ009       AZUL		7.029	\N	\N	\N	\N	\N	0	Rapifix Nº 650 Help Tape	50 mm x 9 mts	18	Cintas Rapifix
222	0650 00050 XX025      GRIS / COLOR		19.221	\N	\N	\N	\N	\N	0	Rapifix Nº 650 Help Tape	50 mm x 25 mts	20	Cintas Rapifix
223	0650 00050 XX050      GRIS / COLOR		34.956	\N	\N	\N	\N	\N	0	Rapifix Nº 650 Help Tape	50 mm x 50 mts	10	Cintas Rapifix
224	0450 00719 BL010   c/bolsita   Blanco		1.485	\N	\N	\N	\N	\N	0	Rapifix Nº 450 Aisladora PVC	19 mm x 10 mts	200	Cintas Rapifix
225	0450 00719 CE010   c/bolsita  Celeste		1.485	\N	\N	\N	\N	\N	0	Rapifix Nº 450 Aisladora PVC	19 mm x 10 mts	200	Cintas Rapifix
226	0450 00719 NE010   c/bolsita  Negra		1.485	\N	\N	\N	\N	\N	0	Rapifix Nº 450 Aisladora PVC	19 mm x 10 mts	200	Cintas Rapifix
227	0450 00719 RO010   c/bolsita  Roja		1.485	\N	\N	\N	\N	\N	0	Lija Roja Óxido de Aluminio	19 mm x 10 mts	200	Cintas Rapifix
228	0450 00719 VE010   c/bolsita  Verde		1.485	\N	\N	\N	\N	\N	0	Rapifix Nº 450 Aisladora PVC	19 mm x 10 mts	200	Cintas Rapifix
229	0450 00719 BL020   c/bolsita   Blanco		2.805	\N	\N	\N	\N	\N	0	Rapifix Nº 450 Aisladora PVC	19 mm x 20 mts	100	Cintas Rapifix
230	0450 00719 CE020   c/bolsita  Celeste		2.805	\N	\N	\N	\N	\N	0	Rapifix Nº 450 Aisladora PVC	19 mm x 20 mts	100	Cintas Rapifix
231	0450 00719 NE020   c/bolsita  Negra		2.805	\N	\N	\N	\N	\N	0	Rapifix Nº 450 Aisladora PVC	19 mm x 20 mts	100	Cintas Rapifix
232	0450 00719 RO020   c/bolsita  Roja		2.805	\N	\N	\N	\N	\N	0	Lija Roja Óxido de Aluminio	19 mm x 20 mts	100	Cintas Rapifix
233	0450 00719 MA020   c/bolsita  Marron		2.805	\N	\N	\N	\N	\N	0	Rapifix Nº 450 Aisladora PVC	19 mm x 20 mts	100	Cintas Rapifix
234	0450 00719 VE020   c/bolsita  Verde		2.805	\N	\N	\N	\N	\N	0	Rapifix Nº 450 Aisladora PVC	19 mm x 20 mts	100	Cintas Rapifix
235	0793 00P80 00200     (granel)		37.419	\N	\N	\N	\N	\N	0	Rapifix Nº 793 Peligro (sin adhesivo)	80 mm x 200 mts	12	Cintas Rapifix
236	2200-00025-00005     c/packaging		11.514	\N	\N	\N	\N	\N	0	Rapifix Nº 2200 Antideslizante	25 mm x 5 mts	16	Cintas Rapifix
237	2200-00050-00005     c/packaging		23.031	\N	\N	\N	\N	\N	0	Rapifix Nº 2200 Antideslizante	50 mm x 5 mts	8	Cintas Rapifix
238	0610 00048 00065		17.678	\N	\N	\N	\N	\N	0	Producto Desconocido	48 mm x 65 mts	24	Cintas Rapifix
239	0610 00072 00065		26.523	\N	\N	\N	\N	\N	0	Producto Desconocido	72 mm x 65 mts	16	Cintas Rapifix
240	0610 00096 00065		35.357	\N	\N	\N	\N	\N	0	Producto Desconocido	96 mm x 65 mts	12	Cintas Rapifix
247	1050-RODLA-NA017		13.000	\N	\N	\N	\N	\N	0	Rodillo Lana Natural	17 x 50	50	Rodillos
248	1050-RODLA-NA022		13.500	\N	\N	\N	\N	\N	0	Rodillo Lana Natural	22 x 50	30	Rodillos
249	1050-RODLA-NAC22		15.250	\N	\N	\N	\N	\N	0	Rodillo Lana Natural	22 x 50	30	Rodillos
250	1050-RODLA-ET017		5.500	\N	\N	\N	\N	\N	0	Rodillo Lana Natural	17 x 50	40	Rodillos
251	1050-RODLA-ET022		5.900	\N	\N	\N	\N	\N	0	Rodillo Lana Natural	22 x 50	30	Rodillos
252	1050-RODLA-ETC22		6.100	\N	\N	\N	\N	\N	0	Rodillo Lana Natural	22 x 50	30	Rodillos
253	1040-RODLA-ET017		4.800	\N	\N	\N	\N	\N	0	Rodillo Lana Natural	17 x 40	50	Rodillos
254	1040-RODLA-ET022		5.000	\N	\N	\N	\N	\N	0	Rodillo Lana Natural	22 x 40	40	Rodillos
255	1040-RODTE-EP010		3.600	\N	\N	\N	\N	\N	0	Rodillo Termofus. Epoxi	10 x 40	75	Rodillos
256	1040-RODTE-EP017		4.700	\N	\N	\N	\N	\N	0	Rodillo Termofus. Epoxi	17 x 40	50	Rodillos
257	1040-RODTE-EP022		5.300	\N	\N	\N	\N	\N	0	Rodillo Termofus. Epoxi	22 x 40	50	Rodillos
258	1000-RODMI-EP005		1.050	\N	\N	\N	\N	\N	0	Mini Rodillo Epoxi	Nº 5	60	Rodillos
259	1000-RODMI-EP008		1.350	\N	\N	\N	\N	\N	0	Mini Rodillo Epoxi	Nº 8	50	Rodillos
260	1000-RODMI-EP011		1.450	\N	\N	\N	\N	\N	0	Mini Rodillo Epoxi	Nº 11	40	Rodillos
261	1000-RODMI-REJA0		2.650	\N	\N	\N	\N	\N	0	Mini Rodillo Epoxi	-	50	Rodillos
262	1040-RODAG-G0017		6.200	\N	\N	\N	\N	\N	0	Producto Desconocido	17 x 40	50	Rodillos
263	1040-RODAG-G0022		7.000	\N	\N	\N	\N	\N	0	Producto Desconocido	22 x 40	50	Rodillos
264	1010-PINGR-00000		5.250	\N	\N	\N	\N	\N	0	Pinceleta Gris Nº40	nan	12	Rodillos
265	1020-PAÑLA-00007		8.000	\N	\N	\N	\N	\N	0	Paño de Lustrar Lana Natural	7 "	50	Rodillos
266	1030-VENSI-01025		1.800	\N	\N	\N	\N	\N	0	Venda Sintética	10cm x 25mts 	100	Rodillos
267	1030-VENSI-02025		3.100	\N	\N	\N	\N	\N	0	Venda Sintética	20cm x 25mts 	50	Rodillos
268	1030-VENSI-10025		14.000	\N	\N	\N	\N	\N	0	Venda Sintética	100cm x 25mts	8	Rodillos
244	50130000301207   Latex Int./Ext.	\N	36.600	\N	\N	\N	\N	\N	20	Latex Int/Ext. Blanco Mate	\N	0	Pintura
243	50130000301206   Latex Int./Ext.	\N	19.000	\N	\N	\N	\N	\N	10	Latex Int/Ext. Blanco Mate	\N	0	Pintura
242	50130000301205   Latex Int./Ext.	\N	8.200	\N	\N	\N	\N	\N	4	Latex Int/Ext. Blanco Mate	\N	0	Pintura
241	50130000301204   Latex Int./Ext.	\N	2.400	\N	\N	\N	\N	\N	1	Latex Int/Ext. Blanco Mate	\N	0	Pintura
246	50100000402705     Fijador	\N	5.450	\N	\N	\N	\N	\N	4	Fijador	\N	0	Pintura
245	50100000402704     Fijador	\N	1.720	\N	\N	\N	\N	\N	1	Fijador	\N	0	Pintura
\.


--
-- Data for Name: login_customuser; Type: TABLE DATA; Schema: public; Owner: surfix_user
--

COPY public.login_customuser (id, password, last_login, is_superuser, username, first_name, last_name, email, is_staff, is_active, date_joined, celular) FROM stdin;
4	pbkdf2_sha256$600000$1cXPeSwcktDDlIiGfs3sP8$5FQLzcZbleGebiwGzpXjG1PiRQlY+qzhV/vuho22e5M=	\N	f	naara				f	t	2025-06-24 19:53:53+00	\N
1	pbkdf2_sha256$600000$OmSUhtRQSUPZGs2JCBvH8U$CpOhdFQJ/AnseGxk1mN3WMf+FXheh1D5M4IuHRskGNs=	2025-06-24 20:14:08.971395+00	t	djandminSurfix			assizalcaraz@gmail.com	t	t	2025-06-24 19:50:21.621144+00	\N
2	pbkdf2_sha256$600000$JQU1E4IASbdObdd0Ti3zMT$ajzm9Y+ArkUMy00a4hrL9CmotA3sohluwHdxSgmLlxw=	2025-06-25 16:52:37.877706+00	f	rafa				f	t	2025-06-24 19:53:04+00	11 6400-7068
3	pbkdf2_sha256$600000$6hwwlLvOJDio5NKHZOF2jJ$2bDqTtxmL4HuCXWvehWZkPwqo98MZztoIRGNQH1TkwU=	2025-06-25 19:43:32.07631+00	f	jose				f	t	2025-06-24 19:53:33+00	\N
5	pbkdf2_sha256$600000$C6hOqQxZyrPAhkANhhcRSA$DxObEiOZHMy0agXRLpkB6P6nienUmM00hvj1R/Vuu7o=	2025-06-25 19:51:57.236319+00	f	assiz	José Assiz	Alcaraz Baxter	assizalcaraz@gmail.com	f	t	2025-06-24 20:04:27+00	11 6137-0117
\.


--
-- Data for Name: login_customuser_groups; Type: TABLE DATA; Schema: public; Owner: surfix_user
--

COPY public.login_customuser_groups (id, customuser_id, group_id) FROM stdin;
\.


--
-- Data for Name: login_customuser_user_permissions; Type: TABLE DATA; Schema: public; Owner: surfix_user
--

COPY public.login_customuser_user_permissions (id, customuser_id, permission_id) FROM stdin;
\.


--
-- Name: auth_group_id_seq; Type: SEQUENCE SET; Schema: public; Owner: surfix_user
--

SELECT pg_catalog.setval('public.auth_group_id_seq', 1, false);


--
-- Name: auth_group_permissions_id_seq; Type: SEQUENCE SET; Schema: public; Owner: surfix_user
--

SELECT pg_catalog.setval('public.auth_group_permissions_id_seq', 1, false);


--
-- Name: auth_permission_id_seq; Type: SEQUENCE SET; Schema: public; Owner: surfix_user
--

SELECT pg_catalog.setval('public.auth_permission_id_seq', 28, true);


--
-- Name: django_admin_log_id_seq; Type: SEQUENCE SET; Schema: public; Owner: surfix_user
--

SELECT pg_catalog.setval('public.django_admin_log_id_seq', 14, true);


--
-- Name: django_content_type_id_seq; Type: SEQUENCE SET; Schema: public; Owner: surfix_user
--

SELECT pg_catalog.setval('public.django_content_type_id_seq', 7, true);


--
-- Name: django_migrations_id_seq; Type: SEQUENCE SET; Schema: public; Owner: surfix_user
--

SELECT pg_catalog.setval('public.django_migrations_id_seq', 21, true);


--
-- Name: listas_producto_id_seq; Type: SEQUENCE SET; Schema: public; Owner: surfix_user
--

SELECT pg_catalog.setval('public.listas_producto_id_seq', 268, true);


--
-- Name: login_customuser_groups_id_seq; Type: SEQUENCE SET; Schema: public; Owner: surfix_user
--

SELECT pg_catalog.setval('public.login_customuser_groups_id_seq', 1, false);


--
-- Name: login_customuser_id_seq; Type: SEQUENCE SET; Schema: public; Owner: surfix_user
--

SELECT pg_catalog.setval('public.login_customuser_id_seq', 5, true);


--
-- Name: login_customuser_user_permissions_id_seq; Type: SEQUENCE SET; Schema: public; Owner: surfix_user
--

SELECT pg_catalog.setval('public.login_customuser_user_permissions_id_seq', 1, false);


--
-- Name: auth_group auth_group_name_key; Type: CONSTRAINT; Schema: public; Owner: surfix_user
--

ALTER TABLE ONLY public.auth_group
    ADD CONSTRAINT auth_group_name_key UNIQUE (name);


--
-- Name: auth_group_permissions auth_group_permissions_group_id_permission_id_0cd325b0_uniq; Type: CONSTRAINT; Schema: public; Owner: surfix_user
--

ALTER TABLE ONLY public.auth_group_permissions
    ADD CONSTRAINT auth_group_permissions_group_id_permission_id_0cd325b0_uniq UNIQUE (group_id, permission_id);


--
-- Name: auth_group_permissions auth_group_permissions_pkey; Type: CONSTRAINT; Schema: public; Owner: surfix_user
--

ALTER TABLE ONLY public.auth_group_permissions
    ADD CONSTRAINT auth_group_permissions_pkey PRIMARY KEY (id);


--
-- Name: auth_group auth_group_pkey; Type: CONSTRAINT; Schema: public; Owner: surfix_user
--

ALTER TABLE ONLY public.auth_group
    ADD CONSTRAINT auth_group_pkey PRIMARY KEY (id);


--
-- Name: auth_permission auth_permission_content_type_id_codename_01ab375a_uniq; Type: CONSTRAINT; Schema: public; Owner: surfix_user
--

ALTER TABLE ONLY public.auth_permission
    ADD CONSTRAINT auth_permission_content_type_id_codename_01ab375a_uniq UNIQUE (content_type_id, codename);


--
-- Name: auth_permission auth_permission_pkey; Type: CONSTRAINT; Schema: public; Owner: surfix_user
--

ALTER TABLE ONLY public.auth_permission
    ADD CONSTRAINT auth_permission_pkey PRIMARY KEY (id);


--
-- Name: django_admin_log django_admin_log_pkey; Type: CONSTRAINT; Schema: public; Owner: surfix_user
--

ALTER TABLE ONLY public.django_admin_log
    ADD CONSTRAINT django_admin_log_pkey PRIMARY KEY (id);


--
-- Name: django_content_type django_content_type_app_label_model_76bd3d3b_uniq; Type: CONSTRAINT; Schema: public; Owner: surfix_user
--

ALTER TABLE ONLY public.django_content_type
    ADD CONSTRAINT django_content_type_app_label_model_76bd3d3b_uniq UNIQUE (app_label, model);


--
-- Name: django_content_type django_content_type_pkey; Type: CONSTRAINT; Schema: public; Owner: surfix_user
--

ALTER TABLE ONLY public.django_content_type
    ADD CONSTRAINT django_content_type_pkey PRIMARY KEY (id);


--
-- Name: django_migrations django_migrations_pkey; Type: CONSTRAINT; Schema: public; Owner: surfix_user
--

ALTER TABLE ONLY public.django_migrations
    ADD CONSTRAINT django_migrations_pkey PRIMARY KEY (id);


--
-- Name: django_session django_session_pkey; Type: CONSTRAINT; Schema: public; Owner: surfix_user
--

ALTER TABLE ONLY public.django_session
    ADD CONSTRAINT django_session_pkey PRIMARY KEY (session_key);


--
-- Name: listas_producto listas_producto_pkey; Type: CONSTRAINT; Schema: public; Owner: surfix_user
--

ALTER TABLE ONLY public.listas_producto
    ADD CONSTRAINT listas_producto_pkey PRIMARY KEY (id);


--
-- Name: login_customuser_groups login_customuser_groups_customuser_id_group_id_280bd5c2_uniq; Type: CONSTRAINT; Schema: public; Owner: surfix_user
--

ALTER TABLE ONLY public.login_customuser_groups
    ADD CONSTRAINT login_customuser_groups_customuser_id_group_id_280bd5c2_uniq UNIQUE (customuser_id, group_id);


--
-- Name: login_customuser_groups login_customuser_groups_pkey; Type: CONSTRAINT; Schema: public; Owner: surfix_user
--

ALTER TABLE ONLY public.login_customuser_groups
    ADD CONSTRAINT login_customuser_groups_pkey PRIMARY KEY (id);


--
-- Name: login_customuser login_customuser_pkey; Type: CONSTRAINT; Schema: public; Owner: surfix_user
--

ALTER TABLE ONLY public.login_customuser
    ADD CONSTRAINT login_customuser_pkey PRIMARY KEY (id);


--
-- Name: login_customuser_user_permissions login_customuser_user_pe_customuser_id_permission_afb8143d_uniq; Type: CONSTRAINT; Schema: public; Owner: surfix_user
--

ALTER TABLE ONLY public.login_customuser_user_permissions
    ADD CONSTRAINT login_customuser_user_pe_customuser_id_permission_afb8143d_uniq UNIQUE (customuser_id, permission_id);


--
-- Name: login_customuser_user_permissions login_customuser_user_permissions_pkey; Type: CONSTRAINT; Schema: public; Owner: surfix_user
--

ALTER TABLE ONLY public.login_customuser_user_permissions
    ADD CONSTRAINT login_customuser_user_permissions_pkey PRIMARY KEY (id);


--
-- Name: login_customuser login_customuser_username_key; Type: CONSTRAINT; Schema: public; Owner: surfix_user
--

ALTER TABLE ONLY public.login_customuser
    ADD CONSTRAINT login_customuser_username_key UNIQUE (username);


--
-- Name: auth_group_name_a6ea08ec_like; Type: INDEX; Schema: public; Owner: surfix_user
--

CREATE INDEX auth_group_name_a6ea08ec_like ON public.auth_group USING btree (name varchar_pattern_ops);


--
-- Name: auth_group_permissions_group_id_b120cbf9; Type: INDEX; Schema: public; Owner: surfix_user
--

CREATE INDEX auth_group_permissions_group_id_b120cbf9 ON public.auth_group_permissions USING btree (group_id);


--
-- Name: auth_group_permissions_permission_id_84c5c92e; Type: INDEX; Schema: public; Owner: surfix_user
--

CREATE INDEX auth_group_permissions_permission_id_84c5c92e ON public.auth_group_permissions USING btree (permission_id);


--
-- Name: auth_permission_content_type_id_2f476e4b; Type: INDEX; Schema: public; Owner: surfix_user
--

CREATE INDEX auth_permission_content_type_id_2f476e4b ON public.auth_permission USING btree (content_type_id);


--
-- Name: django_admin_log_content_type_id_c4bce8eb; Type: INDEX; Schema: public; Owner: surfix_user
--

CREATE INDEX django_admin_log_content_type_id_c4bce8eb ON public.django_admin_log USING btree (content_type_id);


--
-- Name: django_admin_log_user_id_c564eba6; Type: INDEX; Schema: public; Owner: surfix_user
--

CREATE INDEX django_admin_log_user_id_c564eba6 ON public.django_admin_log USING btree (user_id);


--
-- Name: django_session_expire_date_a5c62663; Type: INDEX; Schema: public; Owner: surfix_user
--

CREATE INDEX django_session_expire_date_a5c62663 ON public.django_session USING btree (expire_date);


--
-- Name: django_session_session_key_c0390e0f_like; Type: INDEX; Schema: public; Owner: surfix_user
--

CREATE INDEX django_session_session_key_c0390e0f_like ON public.django_session USING btree (session_key varchar_pattern_ops);


--
-- Name: login_customuser_groups_customuser_id_50381d88; Type: INDEX; Schema: public; Owner: surfix_user
--

CREATE INDEX login_customuser_groups_customuser_id_50381d88 ON public.login_customuser_groups USING btree (customuser_id);


--
-- Name: login_customuser_groups_group_id_639d055d; Type: INDEX; Schema: public; Owner: surfix_user
--

CREATE INDEX login_customuser_groups_group_id_639d055d ON public.login_customuser_groups USING btree (group_id);


--
-- Name: login_customuser_user_permissions_customuser_id_c6f5792f; Type: INDEX; Schema: public; Owner: surfix_user
--

CREATE INDEX login_customuser_user_permissions_customuser_id_c6f5792f ON public.login_customuser_user_permissions USING btree (customuser_id);


--
-- Name: login_customuser_user_permissions_permission_id_2b8ae21e; Type: INDEX; Schema: public; Owner: surfix_user
--

CREATE INDEX login_customuser_user_permissions_permission_id_2b8ae21e ON public.login_customuser_user_permissions USING btree (permission_id);


--
-- Name: login_customuser_username_ca00b3f5_like; Type: INDEX; Schema: public; Owner: surfix_user
--

CREATE INDEX login_customuser_username_ca00b3f5_like ON public.login_customuser USING btree (username varchar_pattern_ops);


--
-- Name: auth_group_permissions auth_group_permissio_permission_id_84c5c92e_fk_auth_perm; Type: FK CONSTRAINT; Schema: public; Owner: surfix_user
--

ALTER TABLE ONLY public.auth_group_permissions
    ADD CONSTRAINT auth_group_permissio_permission_id_84c5c92e_fk_auth_perm FOREIGN KEY (permission_id) REFERENCES public.auth_permission(id) DEFERRABLE INITIALLY DEFERRED;


--
-- Name: auth_group_permissions auth_group_permissions_group_id_b120cbf9_fk_auth_group_id; Type: FK CONSTRAINT; Schema: public; Owner: surfix_user
--

ALTER TABLE ONLY public.auth_group_permissions
    ADD CONSTRAINT auth_group_permissions_group_id_b120cbf9_fk_auth_group_id FOREIGN KEY (group_id) REFERENCES public.auth_group(id) DEFERRABLE INITIALLY DEFERRED;


--
-- Name: auth_permission auth_permission_content_type_id_2f476e4b_fk_django_co; Type: FK CONSTRAINT; Schema: public; Owner: surfix_user
--

ALTER TABLE ONLY public.auth_permission
    ADD CONSTRAINT auth_permission_content_type_id_2f476e4b_fk_django_co FOREIGN KEY (content_type_id) REFERENCES public.django_content_type(id) DEFERRABLE INITIALLY DEFERRED;


--
-- Name: django_admin_log django_admin_log_content_type_id_c4bce8eb_fk_django_co; Type: FK CONSTRAINT; Schema: public; Owner: surfix_user
--

ALTER TABLE ONLY public.django_admin_log
    ADD CONSTRAINT django_admin_log_content_type_id_c4bce8eb_fk_django_co FOREIGN KEY (content_type_id) REFERENCES public.django_content_type(id) DEFERRABLE INITIALLY DEFERRED;


--
-- Name: django_admin_log django_admin_log_user_id_c564eba6_fk; Type: FK CONSTRAINT; Schema: public; Owner: surfix_user
--

ALTER TABLE ONLY public.django_admin_log
    ADD CONSTRAINT django_admin_log_user_id_c564eba6_fk FOREIGN KEY (user_id) REFERENCES public.login_customuser(id) DEFERRABLE INITIALLY DEFERRED;


--
-- Name: login_customuser_groups login_customuser_groups_customuser_id_50381d88_fk; Type: FK CONSTRAINT; Schema: public; Owner: surfix_user
--

ALTER TABLE ONLY public.login_customuser_groups
    ADD CONSTRAINT login_customuser_groups_customuser_id_50381d88_fk FOREIGN KEY (customuser_id) REFERENCES public.login_customuser(id) DEFERRABLE INITIALLY DEFERRED;


--
-- Name: login_customuser_groups login_customuser_groups_group_id_639d055d_fk_auth_group_id; Type: FK CONSTRAINT; Schema: public; Owner: surfix_user
--

ALTER TABLE ONLY public.login_customuser_groups
    ADD CONSTRAINT login_customuser_groups_group_id_639d055d_fk_auth_group_id FOREIGN KEY (group_id) REFERENCES public.auth_group(id) DEFERRABLE INITIALLY DEFERRED;


--
-- Name: login_customuser_user_permissions login_customuser_use_permission_id_2b8ae21e_fk_auth_perm; Type: FK CONSTRAINT; Schema: public; Owner: surfix_user
--

ALTER TABLE ONLY public.login_customuser_user_permissions
    ADD CONSTRAINT login_customuser_use_permission_id_2b8ae21e_fk_auth_perm FOREIGN KEY (permission_id) REFERENCES public.auth_permission(id) DEFERRABLE INITIALLY DEFERRED;


--
-- Name: login_customuser_user_permissions login_customuser_user_permissions_customuser_id_c6f5792f_fk; Type: FK CONSTRAINT; Schema: public; Owner: surfix_user
--

ALTER TABLE ONLY public.login_customuser_user_permissions
    ADD CONSTRAINT login_customuser_user_permissions_customuser_id_c6f5792f_fk FOREIGN KEY (customuser_id) REFERENCES public.login_customuser(id) DEFERRABLE INITIALLY DEFERRED;


--
-- PostgreSQL database dump complete
--

